{
  "model_type": "logistic_regression",
  "feature_names": [
    "tenure_months",
    "tickets_90d",
    "usage_score",
    "late_payments",
    "plan_basic",
    "plan_pro",
    "region_north",
    "region_south",
    "region_east"
  ],
  "means": [
    36.67992047713717,
    1.2504970178926442,
    63.10409542743539,
    0.5785288270377733,
    0.4671968190854871,
    0.35984095427435386,
    0.23856858846918488,
    0.24254473161033796,
    0.24254473161033796
  ],
  "scales": [
    21.53509628863252,
    1.6202234436787957,
    18.031605219891073,
    0.8744758286054138,
    0.4989227909425362,
    0.4799535830695258,
    0.42620841974907725,
    0.4286219602148344,
    0.4286219602148344
  ],
  "weights": [
    -1.4086710133413372,
    2.3862203156298603,
    -1.71268174813559,
    2.0888201906017976,
    0.7779487953875193,
    0.3007388748563807,
    0.22458178138333712,
    0.3726237209183458,
    -0.09875000532291539
  ],
  "bias": -0.6906461804488304
}
